case_id,trajectory,omega_rad_s,delay_s,sample_period_s,time_constant_s,fixed_step_s,duration_s,warmup_cycles,evaluation_start_s,evaluation_end_s,omega_delay,mean_packet_age_s,omega_mean_packet_age,omega_time_constant,omega_sample_period,rmse_zoh_m,rmse_cv_m,nrmse_zoh,nrmse_cv,max_error_zoh_m,max_error_cv_m,performance_ratio,improvement_percent,status,error_identifier,error_message,boundary_tolerance,classification,boundary_distance,improvement_sign_consistent
case__trajectory-circle__A-1__w-0p5__d-0__sp-0p02__T-0p10000000000000001__dt-0p0050000000000000001__fs-0p0050000000000000001__tc-10__wc-2__solver-ode4__duration-125p66500000000001,circle,0.5,0,0.02,0.1,0.005,125.665,2,25.135,125.66,0,0.00750000000076616,0.00375000000038308,0.05,0.01,0.00457818093834758,1.50897472233513e-05,0.00457818093834758,1.50897472233513e-05,0.00470097113150549,1.57076274035027e-05,0.00329601372828172,99.6703986271718,success,,,0.00788295525937244,improvement,0.996703986271718,1
case__trajectory-circle__A-1__w-1__d-0__sp-0p02__T-0p10000000000000001__dt-0p0050000000000000001__fs-0p0050000000000000001__tc-10__wc-2__solver-ode4__duration-62p835000000000001,circle,1,0,0.02,0.1,0.005,62.835,2,12.57,62.83,0,0.00750024868130762,0.00750024868130762,0.1,0.02,0.00912220584278062,6.01339047771036e-05,0.00912220584278062,6.01339047771036e-05,0.00936700859698934,6.25972165167299e-05,0.00659203550254175,99.3407964497458,success,,,0.00788295525937244,improvement,0.993407964497458,1
case__trajectory-circle__A-1__w-2__d-0__sp-0p02__T-0p10000000000000001__dt-0p0050000000000000001__fs-0p0050000000000000001__tc-10__wc-2__solver-ode4__duration-31p420000000000002,circle,2,0,0.02,0.1,0.005,31.42,2,6.285,31.415,0,0.00750149194381836,0.0150029838876367,0.2,0.04,0.0179787491278847,0.000237034914117781,0.0179787491278847,0.000237034914117781,0.0184621498976658,0.000246757735353391,0.0131841716257192,98.6815828374281,success,,,0.00788295525937244,improvement,0.986815828374281,1
case__trajectory-circle__A-1__w-4__d-0__sp-0p02__T-0p10000000000000001__dt-0p0050000000000000001__fs-0p0050000000000000001__tc-10__wc-2__solver-ode4__duration-15p710000000000001,circle,4,0,0.02,0.1,0.005,15.71,2,3.145,15.705,0,0.00749900517321303,0.0299960206928521,0.4,0.08,0.0340428966442938,0.000897693664055683,0.0340428966442938,0.000897693664055683,0.0349646601735797,0.000934685332956748,0.0263694853418459,97.3630514658154,success,,,0.00788295525937244,improvement,0.973630514658154,1
case__trajectory-circle__A-1__w-0p5__d-0p10000000000000001__sp-0p02__T-0p10000000000000001__dt-0p0050000000000000001__fs-0p0050000000000000001__tc-10__wc-2__solver-ode4__duration-125p66500000000001,circle,0.5,0.1,0.02,0.1,0.005,125.665,2,25.135,125.66,0.05,0.107500000000483,0.0537500000002414,0.05,0.01,0.0545083164296782,0.00149228005432577,0.0545083164296782,0.00149228005432577,0.0546318146088114,0.00149907335143941,0.0273771077896155,97.2622892210385,success,,,0.00788295525937244,improvement,0.972622892210385,1
case__trajectory-circle__A-1__w-1__d-0p10000000000000001__sp-0p02__T-0p10000000000000001__dt-0p0050000000000000001__fs-0p0050000000000000001__tc-10__wc-2__solver-ode4__duration-62p835000000000001,circle,1,0.1,0.02,0.1,0.005,62.835,2,12.57,62.83,0.1,0.107500248681033,0.107500248681033,0.1,0.02,0.108569891274354,0.0059453812201277,0.108569891274354,0.0059453812201277,0.108816747378229,0.00597251945616476,0.0547608655617406,94.5239134438259,success,,,0.00788295525937244,improvement,0.945239134438259,1
case__trajectory-circle__A-1__w-2__d-0p10000000000000001__sp-0p02__T-0p10000000000000001__dt-0p0050000000000000001__fs-0p0050000000000000001__tc-10__wc-2__solver-ode4__duration-31p420000000000002,circle,2,0.1,0.02,0.1,0.005,31.42,2,6.285,31.415,0.2,0.107501491943816,0.215002983887632,0.2,0.04,0.213660403652823,0.0234118548863792,0.213660403652823,0.0234118548863792,0.21415290401089,0.0235198368962368,0.109575075615887,89.0424924384113,success,,,0.00788295525937244,improvement,0.890424924384113,1
case__trajectory-circle__A-1__w-4__d-0p10000000000000001__sp-0p02__T-0p10000000000000001__dt-0p0050000000000000001__fs-0p0050000000000000001__tc-10__wc-2__solver-ode4__duration-15p710000000000001,circle,4,0.1,0.02,0.1,0.005,15.71,2,3.145,15.705,0.4,0.107499005173211,0.429996020692844,0.4,0.08,0.402161917196648,0.0883064046717803,0.402161917196648,0.0883064046717803,0.403138767103845,0.0887303146522976,0.219579231388537,78.0420768611463,success,,,0.00788295525937244,improvement,0.780420768611463,1
case__trajectory-circle__A-1__w-0p5__d-0p20000000000000001__sp-0p02__T-0p10000000000000001__dt-0p0050000000000000001__fs-0p0050000000000000001__tc-10__wc-2__solver-ode4__duration-125p66500000000001,circle,0.5,0.2,0.02,0.1,0.005,125.665,2,25.135,125.66,0.1,0.207500000000475,0.103750000000237,0.05,0.01,0.10440496279164,0.00546492846247943,0.10440496279164,0.00546492846247943,0.104528515552815,0.00547790281041185,0.0523435698491245,94.7656430150875,success,,,0.00788295525937244,improvement,0.947656430150876,1
case__trajectory-circle__A-1__w-1__d-0p20000000000000001__sp-0p02__T-0p10000000000000001__dt-0p0050000000000000001__fs-0p0050000000000000001__tc-10__wc-2__solver-ode4__duration-62p835000000000001,circle,1,0.2,0.02,0.1,0.005,62.835,2,12.57,62.83,0.2,0.207500248681042,0.207500248681042,0.1,0.02,0.20774737391378,0.0217583447612719,0.20774737391378,0.0217583447612719,0.207994505525557,0.0218102334111991,0.104734632026213,89.5265367973787,success,,,0.00788295525937244,improvement,0.895265367973787,1
case__trajectory-circle__A-1__w-2__d-0p20000000000000001__sp-0p02__T-0p10000000000000001__dt-0p0050000000000000001__fs-0p0050000000000000001__tc-10__wc-2__solver-ode4__duration-31p420000000000002,circle,2,0.2,0.02,0.1,0.005,31.42,2,6.285,31.415,0.4,0.207501491943814,0.415002983887628,0.2,0.04,0.40720965739355,0.0854533279314408,0.40720965739355,0.0854533279314408,0.407703949109439,0.0856606931285622,0.209850936439982,79.0149063560018,success,,,0.00788295525937244,improvement,0.790149063560018,1
case__trajectory-circle__A-1__w-4__d-0p20000000000000001__sp-0p02__T-0p10000000000000001__dt-0p0050000000000000001__fs-0p0050000000000000001__tc-10__wc-2__solver-ode4__duration-15p710000000000001,circle,4,0.2,0.02,0.1,0.005,15.71,2,3.145,15.705,0.8,0.207499005173209,0.829996020692836,0.4,0.08,0.754253567495358,0.318905493372885,0.754253567495358,0.318905493372885,0.75524127734412,0.319732502086348,0.422809393440287,57.7190606559713,success,,,0.00788295525937244,improvement,0.577190606559713,1
case__trajectory-circle__A-1__w-0p5__d-0p40000000000000002__sp-0p02__T-0p10000000000000001__dt-0p0050000000000000001__fs-0p0050000000000000001__tc-10__wc-2__solver-ode4__duration-125p66500000000001,circle,0.5,0.4,0.02,0.1,0.005,125.665,2,25.135,125.66,0.2,0.407500000000461,0.20375000000023,0.05,0.01,0.203971402209069,0.0208812852738625,0.203971402209069,0.0208812852738625,0.204094793734652,0.020906614444078,0.102373592806208,89.7626407193792,success,,,0.00788295525937244,improvement,0.897626407193792,1
case__trajectory-circle__A-1__w-1__d-0p40000000000000002__sp-0p02__T-0p10000000000000001__dt-0p0050000000000000001__fs-0p0050000000000000001__tc-10__wc-2__solver-ode4__duration-62p835000000000001,circle,1,0.4,0.02,0.1,0.005,62.835,2,12.57,62.83,0.4,0.407500248681059,0.407500248681059,0.1,0.02,0.404298042907579,0.0829237461733287,0.404298042907579,0.0829237461733287,0.40454379498859,0.0830250183135867,0.205105484995595,79.4894515004405,success,,,0.00788295525937244,improvement,0.794894515004405,1
case__trajectory-circle__A-1__w-2__d-0p40000000000000002__sp-0p02__T-0p10000000000000001__dt-0p0050000000000000001__fs-0p0050000000000000001__tc-10__wc-2__solver-ode4__duration-31p420000000000002,circle,2,0.4,0.02,0.1,0.005,31.42,2,6.285,31.415,0.8,0.407501491943809,0.815002983887618,0.2,0.04,0.780208990275179,0.322324457179634,0.780208990275179,0.322324457179634,0.780691916988068,0.322728654800677,0.413125792188001,58.6874207811999,success,,,0.00788295525937244,improvement,0.586874207811999,1
case__trajectory-circle__A-1__w-4__d-0p40000000000000002__sp-0p02__T-0p10000000000000001__dt-0p0050000000000000001__fs-0p0050000000000000001__tc-10__wc-2__solver-ode4__duration-15p710000000000001,circle,4,0.4,0.02,0.1,0.005,15.71,2,3.145,15.705,1.6,0.407499005173205,1.62999602069282,0.4,0.08,1.35539013746192,1.1537549986978,1.35539013746192,1.1537549986978,1.35628219690793,1.15535414879467,0.851234612683771,14.8765387316229,success,,,0.00788295525937244,improvement,0.148765387316229,1
case__trajectory-circle__A-1__w-0p5__d-0p5__sp-0p02__T-0p10000000000000001__dt-0p0050000000000000001__fs-0p0050000000000000001__tc-10__wc-2__solver-ode4__duration-125p66500000000001,circle,0.5,0.5,0.02,0.1,0.005,125.665,2,25.135,125.66,0.25,0.507500000000453,0.253750000000227,0.05,0.01,0.253578954244764,0.0323121475981895,0.253578954244764,0.0323121475981895,0.253702145274132,0.032343640256383,0.127424405918957,87.2575594081043,success,,,0.00788295525937244,improvement,0.872575594081043,1
case__trajectory-circle__A-1__w-1__d-0p5__sp-0p02__T-0p10000000000000001__dt-0p0050000000000000001__fs-0p0050000000000000001__tc-10__wc-2__solver-ode4__duration-62p835000000000001,circle,1,0.5,0.02,0.1,0.005,62.835,2,12.57,62.83,0.5,0.507500248681067,0.507500248681067,0.1,0.02,0.501179924119442,0.128072356160447,0.501179924119442,0.128072356160447,0.501424055317675,0.12819809748127,0.255541672754484,74.4458327245516,success,,,0.00788295525937244,improvement,0.744458327245516,1
case__trajectory-circle__A-1__w-2__d-0p5__sp-0p02__T-0p10000000000000001__dt-0p0050000000000000001__fs-0p0050000000000000001__tc-10__wc-2__solver-ode4__duration-31p420000000000002,circle,2,0.5,0.02,0.1,0.005,31.42,2,6.285,31.415,1,0.507501491943808,1.01500298388762,0.2,0.04,0.955932118884076,0.493999486428648,0.955932118884076,0.493999486428648,0.956402066303377,0.49449855447984,0.516772558082186,48.3227441917814,success,,,0.00788295525937244,improvement,0.483227441917814,1
case__trajectory-circle__A-1__w-4__d-0p5__sp-0p02__T-0p10000000000000001__dt-0p0050000000000000001__fs-0p0050000000000000001__tc-10__wc-2__solver-ode4__duration-15p710000000000001,circle,4,0.5,0.02,0.1,0.005,15.71,2,3.145,15.705,2,0.507499005173203,2.02999602069281,0.4,0.08,1.5804694882327,1.71372021170498,1.5804694882327,1.71372021170498,1.58125899383904,1.71565016766594,1.08431084843105,-8.43108484310455,success,,,0.00788295525937244,degradation,0.0843108484310455,1
case__trajectory-lissajous_1_2__A-1__w-0p5__d-0__sp-0p02__T-0p10000000000000001__dt-0p0050000000000000001__fs-0p0050000000000000001__tc-10__wc-2__solver-ode4__duration-125p66500000000001,lissajous_1_2,0.5,0,0.02,0.1,0.005,125.665,2,25.135,125.66,0,0.00750000000076616,0.00375000000038308,0.05,0.01,0.0072171398219488,4.38397200923762e-05,0.0072171398219488,4.38397200923762e-05,0.0104804550252267,6.35828423350497e-05,0.00607438974080156,99.3925610259198,success,,,0.00788295525937244,improvement,0.993925610259198,1
case__trajectory-lissajous_1_2__A-1__w-1__d-0__sp-0p02__T-0p10000000000000001__dt-0p0050000000000000001__fs-0p0050000000000000001__tc-10__wc-2__solver-ode4__duration-62p835000000000001,lissajous_1_2,1,0,0.02,0.1,0.005,62.835,2,12.57,62.83,0,0.00750024868130762,0.00750024868130762,0.1,0.02,0.0142556539955671,0.000172920667313978,0.0142556539955671,0.000172920667313978,0.0207024574213642,0.000250735205642645,0.0121299708429897,98.787002915701,success,,,0.00788295525937244,improvement,0.98787002915701,1
case__trajectory-lissajous_1_2__A-1__w-2__d-0__sp-0p02__T-0p10000000000000001__dt-0p0050000000000000001__fs-0p0050000000000000001__tc-10__wc-2__solver-ode4__duration-31p420000000000002,lissajous_1_2,2,0,0.02,0.1,0.005,31.42,2,6.285,31.415,0,0.00750149194381836,0.0150029838876367,0.2,0.04,0.0272234595070369,0.000656501853999739,0.0272234595070369,0.000656501853999739,0.039539267487484,0.000951197426194503,0.0241152985655641,97.5884701434436,success,,,0.00788295525937244,improvement,0.975884701434436,1
case__trajectory-lissajous_1_2__A-1__w-4__d-0__sp-0p02__T-0p10000000000000001__dt-0p0050000000000000001__fs-0p0050000000000000001__tc-10__wc-2__solver-ode4__duration-15p710000000000001,lissajous_1_2,4,0,0.02,0.1,0.005,15.71,2,3.145,15.705,0,0.00749900517321303,0.0299960206928521,0.4,0.08,0.0470879260292212,0.00222712234498547,0.0470879260292212,0.00222712234498547,0.0684183576428977,0.00322093573959793,0.0472970999742777,95.2702900025722,success,,,0.00788295525937244,improvement,0.952702900025722,1
case__trajectory-lissajous_1_2__A-1__w-0p5__d-0p10000000000000001__sp-0p02__T-0p10000000000000001__dt-0p0050000000000000001__fs-0p0050000000000000001__tc-10__wc-2__solver-ode4__duration-125p66500000000001,lissajous_1_2,0.5,0.1,0.02,0.1,0.005,125.665,2,25.135,125.66,0.05,0.107500000000483,0.0537500000002414,0.05,0.01,0.0859024201342494,0.00433444452736014,0.0859024201342494,0.00433444452736014,0.121760909307352,0.0060666072829592,0.0504577696482383,94.9542230351762,success,,,0.00788295525937244,improvement,0.949542230351762,1
case__trajectory-lissajous_1_2__A-1__w-1__d-0p10000000000000001__sp-0p02__T-0p10000000000000001__dt-0p0050000000000000001__fs-0p0050000000000000001__tc-10__wc-2__solver-ode4__duration-62p835000000000001,lissajous_1_2,1,0.1,0.02,0.1,0.005,62.835,2,12.57,62.83,0.1,0.107500248681033,0.107500248681033,0.1,0.02,0.169466419673445,0.0170802207680791,0.169466419673445,0.0170802207680791,0.240213503983035,0.0238997081140377,0.100788231680305,89.9211768319695,success,,,0.00788295525937244,improvement,0.899211768319695,1
case__trajectory-lissajous_1_2__A-1__w-2__d-0p10000000000000001__sp-0p02__T-0p10000000000000001__dt-0p0050000000000000001__fs-0p0050000000000000001__tc-10__wc-2__solver-ode4__duration-31p420000000000002,lissajous_1_2,2,0.1,0.02,0.1,0.005,31.42,2,6.285,31.415,0.2,0.107501491943816,0.215002983887632,0.2,0.04,0.322019802145218,0.0645985375121723,0.322019802145218,0.0645985375121723,0.456486087097482,0.0903104972200353,0.200604239496554,79.9395760503446,success,,,0.00788295525937244,improvement,0.799395760503446,1
case__trajectory-lissajous_1_2__A-1__w-4__d-0p10000000000000001__sp-0p02__T-0p10000000000000001__dt-0p0050000000000000001__fs-0p0050000000000000001__tc-10__wc-2__solver-ode4__duration-15p710000000000001,lissajous_1_2,4,0.1,0.02,0.1,0.005,15.71,2,3.145,15.705,0.4,0.107499005173211,0.429996020692844,0.4,0.08,0.546577120205667,0.21583670908061,0.546577120205667,0.21583670908061,0.774929266090729,0.301076005348702,0.39488793273929,60.511206726071,success,,,0.00788295525937244,improvement,0.60511206726071,1
case__trajectory-lissajous_1_2__A-1__w-0p5__d-0p20000000000000001__sp-0p02__T-0p10000000000000001__dt-0p0050000000000000001__fs-0p0050000000000000001__tc-10__wc-2__solver-ode4__duration-125p66500000000001,lissajous_1_2,0.5,0.2,0.02,0.1,0.005,125.665,2,25.135,125.66,0.1,0.207500000000475,0.103750000000237,0.05,0.01,0.164406361584339,0.015863408722622,0.164406361584339,0.015863408722622,0.232782992065289,0.0221542725028938,0.0964890200704565,90.3510979929543,success,,,0.00788295525937244,improvement,0.903510979929543,1
case__trajectory-lissajous_1_2__A-1__w-1__d-0p20000000000000001__sp-0p02__T-0p10000000000000001__dt-0p0050000000000000001__fs-0p0050000000000000001__tc-10__wc-2__solver-ode4__duration-62p835000000000001,lissajous_1_2,1,0.2,0.02,0.1,0.005,62.835,2,12.57,62.83,0.2,0.207500248681042,0.207500248681042,0.1,0.02,0.323246985683505,0.0623528184492348,0.323246985683505,0.0623528184492348,0.457694091314343,0.087051444665375,0.192895281969575,80.7104718030425,success,,,0.00788295525937244,improvement,0.807104718030425,1
case__trajectory-lissajous_1_2__A-1__w-2__d-0p20000000000000001__sp-0p02__T-0p10000000000000001__dt-0p0050000000000000001__fs-0p0050000000000000001__tc-10__wc-2__solver-ode4__duration-31p420000000000002,lissajous_1_2,2,0.2,0.02,0.1,0.005,31.42,2,6.285,31.415,0.4,0.207501491943814,0.415002983887628,0.2,0.04,0.60610521914765,0.233458026283932,0.60610521914765,0.233458026283932,0.858255534369449,0.325546937611285,0.385177389846993,61.4822610153007,success,,,0.00788295525937244,improvement,0.614822610153007,1
case__trajectory-lissajous_1_2__A-1__w-4__d-0p20000000000000001__sp-0p02__T-0p10000000000000001__dt-0p0050000000000000001__fs-0p0050000000000000001__tc-10__wc-2__solver-ode4__duration-15p710000000000001,lissajous_1_2,4,0.2,0.02,0.1,0.005,15.71,2,3.145,15.705,0.8,0.207499005173209,0.829996020692836,0.4,0.08,0.977701298723865,0.749465321820942,0.977701298723865,0.749465321820942,1.38444812794341,1.04132926890129,0.766558582666479,23.3441417333521,success,,,0.00788295525937244,improvement,0.233441417333521,1
case__trajectory-lissajous_1_2__A-1__w-0p5__d-0p40000000000000002__sp-0p02__T-0p10000000000000001__dt-0p0050000000000000001__fs-0p0050000000000000001__tc-10__wc-2__solver-ode4__duration-125p66500000000001,lissajous_1_2,0.5,0.4,0.02,0.1,0.005,125.665,2,25.135,125.66,0.2,0.407500000000461,0.20375000000023,0.05,0.01,0.320202753834854,0.0604666412196169,0.320202753834854,0.0604666412196169,0.453111853028888,0.0843413846203565,0.18883860458865,81.116139541135,success,,,0.00788295525937244,improvement,0.81116139541135,1
case__trajectory-lissajous_1_2__A-1__w-1__d-0p40000000000000002__sp-0p02__T-0p10000000000000001__dt-0p0050000000000000001__fs-0p0050000000000000001__tc-10__wc-2__solver-ode4__duration-62p835000000000001,lissajous_1_2,1,0.4,0.02,0.1,0.005,62.835,2,12.57,62.83,0.4,0.407500248681059,0.407500248681059,0.1,0.02,0.62136129006397,0.235339726495821,0.62136129006397,0.235339726495821,0.879280599343604,0.328075669718834,0.378748612536826,62.1251387463174,success,,,0.00788295525937244,improvement,0.621251387463174,1
case__trajectory-lissajous_1_2__A-1__w-2__d-0p40000000000000002__sp-0p02__T-0p10000000000000001__dt-0p0050000000000000001__fs-0p0050000000000000001__tc-10__wc-2__solver-ode4__duration-31p420000000000002,lissajous_1_2,2,0.4,0.02,0.1,0.005,31.42,2,6.285,31.415,0.8,0.407501491943809,0.815002983887618,0.2,0.04,1.1058270623066,0.847100756840611,1.1058270623066,0.847100756840611,1.56491100365297,1.17811289869056,0.766033664498749,23.3966335501251,success,,,0.00788295525937244,improvement,0.233966335501251,1
case__trajectory-lissajous_1_2__A-1__w-4__d-0p40000000000000002__sp-0p02__T-0p10000000000000001__dt-0p0050000000000000001__fs-0p0050000000000000001__tc-10__wc-2__solver-ode4__duration-15p710000000000001,lissajous_1_2,4,0.4,0.02,0.1,0.005,15.71,2,3.145,15.705,1.6,0.407499005173205,1.62999602069282,0.4,0.08,1.45993973352381,2.32444169445046,1.45993973352381,2.32444169445046,2.06533116602726,3.19720631952353,1.59214907374294,-59.2149073742943,success,,,0.00788295525937244,degradation,0.592149073742943,1
case__trajectory-lissajous_1_2__A-1__w-0p5__d-0p5__sp-0p02__T-0p10000000000000001__dt-0p0050000000000000001__fs-0p0050000000000000001__tc-10__wc-2__solver-ode4__duration-125p66500000000001,lissajous_1_2,0.5,0.5,0.02,0.1,0.005,125.665,2,25.135,125.66,0.25,0.507500000000453,0.253750000000227,0.05,0.01,0.397165730721159,0.0933989169456707,0.397165730721159,0.0933989169456707,0.561952716088955,0.130238361354624,0.235163584673029,76.4836415326971,success,,,0.00788295525937244,improvement,0.764836415326971,1
case__trajectory-lissajous_1_2__A-1__w-1__d-0p5__sp-0p02__T-0p10000000000000001__dt-0p0050000000000000001__fs-0p0050000000000000001__tc-10__wc-2__solver-ode4__duration-62p835000000000001,lissajous_1_2,1,0.5,0.02,0.1,0.005,62.835,2,12.57,62.83,0.5,0.507500248681067,0.507500248681067,0.1,0.02,0.763211769455859,0.360858528770522,0.763211769455859,0.360858528770522,1.07987529265436,0.502814818595864,0.472815728494072,52.7184271505928,success,,,0.00788295525937244,improvement,0.527184271505928,1
case__trajectory-lissajous_1_2__A-1__w-2__d-0p5__sp-0p02__T-0p10000000000000001__dt-0p0050000000000000001__fs-0p0050000000000000001__tc-10__wc-2__solver-ode4__duration-31p420000000000002,lissajous_1_2,2,0.5,0.02,0.1,0.005,31.42,2,6.285,31.415,1,0.507501491943808,1.01500298388762,0.2,0.04,1.30604220245155,1.26117455767731,1.30604220245155,1.26117455767731,1.84798207005757,1.75148895975479,0.965646098809048,3.43539011909522,success,,,0.00788295525937244,improvement,0.0343539011909522,1
case__trajectory-lissajous_1_2__A-1__w-4__d-0p5__sp-0p02__T-0p10000000000000001__dt-0p0050000000000000001__fs-0p0050000000000000001__tc-10__wc-2__solver-ode4__duration-15p710000000000001,lissajous_1_2,4,0.5,0.02,0.1,0.005,15.71,2,3.145,15.705,2,0.507499005173203,2.02999602069281,0.4,0.08,1.490399781435,3.07936432898649,1.490399781435,3.07936432898649,2.10771664572196,4.19434480483204,2.06613310558969,-106.613310558969,success,,,0.00788295525937244,degradation,1.06613310558969,1
