case_id,trajectory,omega_rad_s,delay_s,mean_packet_age_s,performance_ratio,improvement_percent,omega_time_constant,omega_sample_period,classification,q_delay,q_age,q1_age,q2_age,theoretical_q_candidate,q_delay_minus_candidate,q_age_minus_candidate
case__trajectory-circle__A-1__w-0p5__d-0__sp-0p02__T-0p10000000000000001__dt-0p0050000000000000001__fs-0p0050000000000000001__tc-10__wc-2__solver-ode4__duration-125p66500000000001,circle,0.5,0,0.00750000000076616,0.00329601372828172,99.6703986271718,0.05,0.01,improvement,0,0.00375000000038308,0.00375000000038308,0.00750000000076616,1.89549426703398,-1.89549426703398,-1.8917442670336
case__trajectory-circle__A-1__w-1__d-0__sp-0p02__T-0p10000000000000001__dt-0p0050000000000000001__fs-0p0050000000000000001__tc-10__wc-2__solver-ode4__duration-62p835000000000001,circle,1,0,0.00750024868130762,0.00659203550254175,99.3407964497458,0.1,0.02,improvement,0,0.00750024868130762,0.00750024868130762,0.0150004973626152,1.89549426703398,-1.89549426703398,-1.88799401835267
case__trajectory-circle__A-1__w-2__d-0__sp-0p02__T-0p10000000000000001__dt-0p0050000000000000001__fs-0p0050000000000000001__tc-10__wc-2__solver-ode4__duration-31p420000000000002,circle,2,0,0.00750149194381836,0.0131841716257192,98.6815828374281,0.2,0.04,improvement,0,0.0150029838876367,0.0150029838876367,0.0300059677752734,1.89549426703398,-1.89549426703398,-1.88049128314634
case__trajectory-circle__A-1__w-4__d-0__sp-0p02__T-0p10000000000000001__dt-0p0050000000000000001__fs-0p0050000000000000001__tc-10__wc-2__solver-ode4__duration-15p710000000000001,circle,4,0,0.00749900517321303,0.0263694853418459,97.3630514658154,0.4,0.08,improvement,0,0.0299960206928521,0.0299960206928521,0.0599920413857042,1.89549426703398,-1.89549426703398,-1.86549824634113
case__trajectory-circle__A-1__w-0p5__d-0p10000000000000001__sp-0p02__T-0p10000000000000001__dt-0p0050000000000000001__fs-0p0050000000000000001__tc-10__wc-2__solver-ode4__duration-125p66500000000001,circle,0.5,0.1,0.107500000000483,0.0273771077896155,97.2622892210385,0.05,0.01,improvement,0.05,0.0537500000002414,0.0537500000002414,0.107500000000483,1.89549426703398,-1.84549426703398,-1.84174426703374
case__trajectory-circle__A-1__w-1__d-0p10000000000000001__sp-0p02__T-0p10000000000000001__dt-0p0050000000000000001__fs-0p0050000000000000001__tc-10__wc-2__solver-ode4__duration-62p835000000000001,circle,1,0.1,0.107500248681033,0.0547608655617406,94.5239134438259,0.1,0.02,improvement,0.1,0.107500248681033,0.107500248681033,0.215000497362067,1.89549426703398,-1.79549426703398,-1.78799401835295
case__trajectory-circle__A-1__w-2__d-0p10000000000000001__sp-0p02__T-0p10000000000000001__dt-0p0050000000000000001__fs-0p0050000000000000001__tc-10__wc-2__solver-ode4__duration-31p420000000000002,circle,2,0.1,0.107501491943816,0.109575075615887,89.0424924384113,0.2,0.04,improvement,0.2,0.215002983887632,0.215002983887632,0.430005967775265,1.89549426703398,-1.69549426703398,-1.68049128314635
case__trajectory-circle__A-1__w-4__d-0p10000000000000001__sp-0p02__T-0p10000000000000001__dt-0p0050000000000000001__fs-0p0050000000000000001__tc-10__wc-2__solver-ode4__duration-15p710000000000001,circle,4,0.1,0.107499005173211,0.219579231388537,78.0420768611463,0.4,0.08,improvement,0.4,0.429996020692844,0.429996020692844,0.859992041385688,1.89549426703398,-1.49549426703398,-1.46549824634114
case__trajectory-circle__A-1__w-0p5__d-0p20000000000000001__sp-0p02__T-0p10000000000000001__dt-0p0050000000000000001__fs-0p0050000000000000001__tc-10__wc-2__solver-ode4__duration-125p66500000000001,circle,0.5,0.2,0.207500000000475,0.0523435698491245,94.7656430150875,0.05,0.01,improvement,0.1,0.103750000000237,0.103750000000237,0.207500000000475,1.89549426703398,-1.79549426703398,-1.79174426703374
case__trajectory-circle__A-1__w-1__d-0p20000000000000001__sp-0p02__T-0p10000000000000001__dt-0p0050000000000000001__fs-0p0050000000000000001__tc-10__wc-2__solver-ode4__duration-62p835000000000001,circle,1,0.2,0.207500248681042,0.104734632026213,89.5265367973787,0.1,0.02,improvement,0.2,0.207500248681042,0.207500248681042,0.415000497362083,1.89549426703398,-1.69549426703398,-1.68799401835294
case__trajectory-circle__A-1__w-2__d-0p20000000000000001__sp-0p02__T-0p10000000000000001__dt-0p0050000000000000001__fs-0p0050000000000000001__tc-10__wc-2__solver-ode4__duration-31p420000000000002,circle,2,0.2,0.207501491943814,0.209850936439982,79.0149063560018,0.2,0.04,improvement,0.4,0.415002983887628,0.415002983887628,0.830005967775255,1.89549426703398,-1.49549426703398,-1.48049128314635
case__trajectory-circle__A-1__w-4__d-0p20000000000000001__sp-0p02__T-0p10000000000000001__dt-0p0050000000000000001__fs-0p0050000000000000001__tc-10__wc-2__solver-ode4__duration-15p710000000000001,circle,4,0.2,0.207499005173209,0.422809393440287,57.7190606559713,0.4,0.08,improvement,0.8,0.829996020692836,0.829996020692836,1.65999204138567,1.89549426703398,-1.09549426703398,-1.06549824634115
case__trajectory-circle__A-1__w-0p5__d-0p40000000000000002__sp-0p02__T-0p10000000000000001__dt-0p0050000000000000001__fs-0p0050000000000000001__tc-10__wc-2__solver-ode4__duration-125p66500000000001,circle,0.5,0.4,0.407500000000461,0.102373592806208,89.7626407193792,0.05,0.01,improvement,0.2,0.20375000000023,0.20375000000023,0.407500000000461,1.89549426703398,-1.69549426703398,-1.69174426703375
case__trajectory-circle__A-1__w-1__d-0p40000000000000002__sp-0p02__T-0p10000000000000001__dt-0p0050000000000000001__fs-0p0050000000000000001__tc-10__wc-2__solver-ode4__duration-62p835000000000001,circle,1,0.4,0.407500248681059,0.205105484995595,79.4894515004405,0.1,0.02,improvement,0.4,0.407500248681059,0.407500248681059,0.815000497362117,1.89549426703398,-1.49549426703398,-1.48799401835292
case__trajectory-circle__A-1__w-2__d-0p40000000000000002__sp-0p02__T-0p10000000000000001__dt-0p0050000000000000001__fs-0p0050000000000000001__tc-10__wc-2__solver-ode4__duration-31p420000000000002,circle,2,0.4,0.407501491943809,0.413125792188001,58.6874207811999,0.2,0.04,improvement,0.8,0.815002983887618,0.815002983887618,1.63000596777524,1.89549426703398,-1.09549426703398,-1.08049128314636
case__trajectory-circle__A-1__w-4__d-0p40000000000000002__sp-0p02__T-0p10000000000000001__dt-0p0050000000000000001__fs-0p0050000000000000001__tc-10__wc-2__solver-ode4__duration-15p710000000000001,circle,4,0.4,0.407499005173205,0.851234612683771,14.8765387316229,0.4,0.08,improvement,1.6,1.62999602069282,1.62999602069282,3.25999204138564,1.89549426703398,-0.295494267033981,-0.265498246341161
case__trajectory-circle__A-1__w-0p5__d-0p5__sp-0p02__T-0p10000000000000001__dt-0p0050000000000000001__fs-0p0050000000000000001__tc-10__wc-2__solver-ode4__duration-125p66500000000001,circle,0.5,0.5,0.507500000000453,0.127424405918957,87.2575594081043,0.05,0.01,improvement,0.25,0.253750000000227,0.253750000000227,0.507500000000453,1.89549426703398,-1.64549426703398,-1.64174426703375
case__trajectory-circle__A-1__w-1__d-0p5__sp-0p02__T-0p10000000000000001__dt-0p0050000000000000001__fs-0p0050000000000000001__tc-10__wc-2__solver-ode4__duration-62p835000000000001,circle,1,0.5,0.507500248681067,0.255541672754484,74.4458327245516,0.1,0.02,improvement,0.5,0.507500248681067,0.507500248681067,1.01500049736213,1.89549426703398,-1.39549426703398,-1.38799401835291
case__trajectory-circle__A-1__w-2__d-0p5__sp-0p02__T-0p10000000000000001__dt-0p0050000000000000001__fs-0p0050000000000000001__tc-10__wc-2__solver-ode4__duration-31p420000000000002,circle,2,0.5,0.507501491943808,0.516772558082186,48.3227441917814,0.2,0.04,improvement,1,1.01500298388762,1.01500298388762,2.03000596777523,1.89549426703398,-0.895494267033981,-0.880491283146365
case__trajectory-circle__A-1__w-4__d-0p5__sp-0p02__T-0p10000000000000001__dt-0p0050000000000000001__fs-0p0050000000000000001__tc-10__wc-2__solver-ode4__duration-15p710000000000001,circle,4,0.5,0.507499005173203,1.08431084843105,-8.43108484310455,0.4,0.08,degradation,2,2.02999602069281,2.02999602069281,4.05999204138563,1.89549426703398,0.104505732966019,0.134501753658832
case__trajectory-lissajous_1_2__A-1__w-0p5__d-0__sp-0p02__T-0p10000000000000001__dt-0p0050000000000000001__fs-0p0050000000000000001__tc-10__wc-2__solver-ode4__duration-125p66500000000001,lissajous_1_2,0.5,0,0.00750000000076616,0.00607438974080156,99.3925610259198,0.05,0.01,improvement,0,0.00375000000038308,0.00375000000038308,0.00750000000076616,1.89549426703398,-1.89549426703398,-1.8917442670336
case__trajectory-lissajous_1_2__A-1__w-1__d-0__sp-0p02__T-0p10000000000000001__dt-0p0050000000000000001__fs-0p0050000000000000001__tc-10__wc-2__solver-ode4__duration-62p835000000000001,lissajous_1_2,1,0,0.00750024868130762,0.0121299708429897,98.787002915701,0.1,0.02,improvement,0,0.00750024868130762,0.00750024868130762,0.0150004973626152,1.89549426703398,-1.89549426703398,-1.88799401835267
case__trajectory-lissajous_1_2__A-1__w-2__d-0__sp-0p02__T-0p10000000000000001__dt-0p0050000000000000001__fs-0p0050000000000000001__tc-10__wc-2__solver-ode4__duration-31p420000000000002,lissajous_1_2,2,0,0.00750149194381836,0.0241152985655641,97.5884701434436,0.2,0.04,improvement,0,0.0150029838876367,0.0150029838876367,0.0300059677752734,1.89549426703398,-1.89549426703398,-1.88049128314634
case__trajectory-lissajous_1_2__A-1__w-4__d-0__sp-0p02__T-0p10000000000000001__dt-0p0050000000000000001__fs-0p0050000000000000001__tc-10__wc-2__solver-ode4__duration-15p710000000000001,lissajous_1_2,4,0,0.00749900517321303,0.0472970999742777,95.2702900025722,0.4,0.08,improvement,0,0.0299960206928521,0.0299960206928521,0.0599920413857042,1.89549426703398,-1.89549426703398,-1.86549824634113
case__trajectory-lissajous_1_2__A-1__w-0p5__d-0p10000000000000001__sp-0p02__T-0p10000000000000001__dt-0p0050000000000000001__fs-0p0050000000000000001__tc-10__wc-2__solver-ode4__duration-125p66500000000001,lissajous_1_2,0.5,0.1,0.107500000000483,0.0504577696482383,94.9542230351762,0.05,0.01,improvement,0.05,0.0537500000002414,0.0537500000002414,0.107500000000483,1.89549426703398,-1.84549426703398,-1.84174426703374
case__trajectory-lissajous_1_2__A-1__w-1__d-0p10000000000000001__sp-0p02__T-0p10000000000000001__dt-0p0050000000000000001__fs-0p0050000000000000001__tc-10__wc-2__solver-ode4__duration-62p835000000000001,lissajous_1_2,1,0.1,0.107500248681033,0.100788231680305,89.9211768319695,0.1,0.02,improvement,0.1,0.107500248681033,0.107500248681033,0.215000497362067,1.89549426703398,-1.79549426703398,-1.78799401835295
case__trajectory-lissajous_1_2__A-1__w-2__d-0p10000000000000001__sp-0p02__T-0p10000000000000001__dt-0p0050000000000000001__fs-0p0050000000000000001__tc-10__wc-2__solver-ode4__duration-31p420000000000002,lissajous_1_2,2,0.1,0.107501491943816,0.200604239496554,79.9395760503446,0.2,0.04,improvement,0.2,0.215002983887632,0.215002983887632,0.430005967775265,1.89549426703398,-1.69549426703398,-1.68049128314635
case__trajectory-lissajous_1_2__A-1__w-4__d-0p10000000000000001__sp-0p02__T-0p10000000000000001__dt-0p0050000000000000001__fs-0p0050000000000000001__tc-10__wc-2__solver-ode4__duration-15p710000000000001,lissajous_1_2,4,0.1,0.107499005173211,0.39488793273929,60.511206726071,0.4,0.08,improvement,0.4,0.429996020692844,0.429996020692844,0.859992041385688,1.89549426703398,-1.49549426703398,-1.46549824634114
case__trajectory-lissajous_1_2__A-1__w-0p5__d-0p20000000000000001__sp-0p02__T-0p10000000000000001__dt-0p0050000000000000001__fs-0p0050000000000000001__tc-10__wc-2__solver-ode4__duration-125p66500000000001,lissajous_1_2,0.5,0.2,0.207500000000475,0.0964890200704565,90.3510979929543,0.05,0.01,improvement,0.1,0.103750000000237,0.103750000000237,0.207500000000475,1.89549426703398,-1.79549426703398,-1.79174426703374
case__trajectory-lissajous_1_2__A-1__w-1__d-0p20000000000000001__sp-0p02__T-0p10000000000000001__dt-0p0050000000000000001__fs-0p0050000000000000001__tc-10__wc-2__solver-ode4__duration-62p835000000000001,lissajous_1_2,1,0.2,0.207500248681042,0.192895281969575,80.7104718030425,0.1,0.02,improvement,0.2,0.207500248681042,0.207500248681042,0.415000497362083,1.89549426703398,-1.69549426703398,-1.68799401835294
case__trajectory-lissajous_1_2__A-1__w-2__d-0p20000000000000001__sp-0p02__T-0p10000000000000001__dt-0p0050000000000000001__fs-0p0050000000000000001__tc-10__wc-2__solver-ode4__duration-31p420000000000002,lissajous_1_2,2,0.2,0.207501491943814,0.385177389846993,61.4822610153007,0.2,0.04,improvement,0.4,0.415002983887628,0.415002983887628,0.830005967775255,1.89549426703398,-1.49549426703398,-1.48049128314635
case__trajectory-lissajous_1_2__A-1__w-4__d-0p20000000000000001__sp-0p02__T-0p10000000000000001__dt-0p0050000000000000001__fs-0p0050000000000000001__tc-10__wc-2__solver-ode4__duration-15p710000000000001,lissajous_1_2,4,0.2,0.207499005173209,0.766558582666479,23.3441417333521,0.4,0.08,improvement,0.8,0.829996020692836,0.829996020692836,1.65999204138567,1.89549426703398,-1.09549426703398,-1.06549824634115
case__trajectory-lissajous_1_2__A-1__w-0p5__d-0p40000000000000002__sp-0p02__T-0p10000000000000001__dt-0p0050000000000000001__fs-0p0050000000000000001__tc-10__wc-2__solver-ode4__duration-125p66500000000001,lissajous_1_2,0.5,0.4,0.407500000000461,0.18883860458865,81.116139541135,0.05,0.01,improvement,0.2,0.20375000000023,0.20375000000023,0.407500000000461,1.89549426703398,-1.69549426703398,-1.69174426703375
case__trajectory-lissajous_1_2__A-1__w-1__d-0p40000000000000002__sp-0p02__T-0p10000000000000001__dt-0p0050000000000000001__fs-0p0050000000000000001__tc-10__wc-2__solver-ode4__duration-62p835000000000001,lissajous_1_2,1,0.4,0.407500248681059,0.378748612536826,62.1251387463174,0.1,0.02,improvement,0.4,0.407500248681059,0.407500248681059,0.815000497362117,1.89549426703398,-1.49549426703398,-1.48799401835292
case__trajectory-lissajous_1_2__A-1__w-2__d-0p40000000000000002__sp-0p02__T-0p10000000000000001__dt-0p0050000000000000001__fs-0p0050000000000000001__tc-10__wc-2__solver-ode4__duration-31p420000000000002,lissajous_1_2,2,0.4,0.407501491943809,0.766033664498749,23.3966335501251,0.2,0.04,improvement,0.8,0.815002983887618,0.815002983887618,1.63000596777524,1.89549426703398,-1.09549426703398,-1.08049128314636
case__trajectory-lissajous_1_2__A-1__w-4__d-0p40000000000000002__sp-0p02__T-0p10000000000000001__dt-0p0050000000000000001__fs-0p0050000000000000001__tc-10__wc-2__solver-ode4__duration-15p710000000000001,lissajous_1_2,4,0.4,0.407499005173205,1.59214907374294,-59.2149073742943,0.4,0.08,degradation,1.6,1.62999602069282,1.62999602069282,3.25999204138564,1.89549426703398,-0.295494267033981,-0.265498246341161
case__trajectory-lissajous_1_2__A-1__w-0p5__d-0p5__sp-0p02__T-0p10000000000000001__dt-0p0050000000000000001__fs-0p0050000000000000001__tc-10__wc-2__solver-ode4__duration-125p66500000000001,lissajous_1_2,0.5,0.5,0.507500000000453,0.235163584673029,76.4836415326971,0.05,0.01,improvement,0.25,0.253750000000227,0.253750000000227,0.507500000000453,1.89549426703398,-1.64549426703398,-1.64174426703375
case__trajectory-lissajous_1_2__A-1__w-1__d-0p5__sp-0p02__T-0p10000000000000001__dt-0p0050000000000000001__fs-0p0050000000000000001__tc-10__wc-2__solver-ode4__duration-62p835000000000001,lissajous_1_2,1,0.5,0.507500248681067,0.472815728494072,52.7184271505928,0.1,0.02,improvement,0.5,0.507500248681067,0.507500248681067,1.01500049736213,1.89549426703398,-1.39549426703398,-1.38799401835291
case__trajectory-lissajous_1_2__A-1__w-2__d-0p5__sp-0p02__T-0p10000000000000001__dt-0p0050000000000000001__fs-0p0050000000000000001__tc-10__wc-2__solver-ode4__duration-31p420000000000002,lissajous_1_2,2,0.5,0.507501491943808,0.965646098809048,3.43539011909522,0.2,0.04,improvement,1,1.01500298388762,1.01500298388762,2.03000596777523,1.89549426703398,-0.895494267033981,-0.880491283146365
case__trajectory-lissajous_1_2__A-1__w-4__d-0p5__sp-0p02__T-0p10000000000000001__dt-0p0050000000000000001__fs-0p0050000000000000001__tc-10__wc-2__solver-ode4__duration-15p710000000000001,lissajous_1_2,4,0.5,0.507499005173203,2.06613310558969,-106.613310558969,0.4,0.08,degradation,2,2.02999602069281,2.02999602069281,4.05999204138563,1.89549426703398,0.104505732966019,0.134501753658832
